TimeStamp,Delta_TP9,Delta_AF7,Delta_AF8,Delta_TP10,Theta_TP9,Theta_AF7,Theta_AF8,Theta_TP10,Alpha_TP9,Alpha_AF7,Alpha_AF8,Alpha_TP10,Beta_TP9,Beta_AF7,Beta_AF8,Beta_TP10,Gamma_TP9,Gamma_AF7,Gamma_AF8,Gamma_TP10,RAW_TP9,RAW_AF7,RAW_AF8,RAW_TP10,Accelerometer_X,Accelerometer_Y,Accelerometer_Z,HeadBandOn,HSI_TP9,HSI_AF7,HSI_AF8,HSI_TP10,Battery,Elements
2022-04-23 20:24:02.957,,,,,,,,,,,,,,,,,,,,,,,,,,,,,,,,,,/muse/event/connected 1180-2TFL-2EF4
2022-04-23 20:24:03.958,-0.01942926307728302,-0.3618359133272022,-0.6571232238728099,0.1112007405424505,0.0209575792875859,-0.6330936243546715,-0.7465789456506284,0.03036121127499276,0.7319612146582644,0.2846697143518438,0.03939638193511962,0.6994586454109526,0.08324486775420629,-0.2858628643291025,-0.1211273041194632,0.2187167484743158,-0.150411995791424,-0.4993598588056222,-0.04755713751591188,0.03641748585705452,843.8749156947575,843.8749156947575,812.6202891875442,850.4548370646971,-0.027344,0.156250,1.015627,1,1,1,1,1,70.849998
2022-04-23 20:24:04.975,0.07889291676774922,-0.3168913956238018,-0.6080153329340858,0.07828258429574052,-0.1055168505445524,-0.836836994993276,-0.6419466101686229,0.06692325922972246,0.5561773661114408,-0.07363838760011168,-0.08361668687136491,0.63505557715202,0.04843486704619942,-0.4123810785357532,-0.2603315808832307,0.1427612940121104,-0.2131432944621601,-0.6644973506464377,-0.2317440761005719,-0.1544498765876829,840.5849550097877,843.8749156947575,812.6202891875442,843.8749156947575,-0.027344,0.156250,1.015627,1,1,1,1,1,70.849998
2022-04-23 20:24:05.957,0.1841527961439763,-0.1435513818266588,-0.4346361501015368,0.07191610986634499,0.07873511052897406,-0.6695325405775774,-0.4275358429879327,-0.1232722771474536,0.5103922265765205,-0.06027158661297147,0.08326795655748233,0.4190288222789675,0.001396024653234524,-0.825679612649675,-0.5179649135670219,0.1677980067166998,-0.4458241589868695,-1.143197002146444,-0.8477717061877089,-0.3771015423368721,855.3897780921519,847.1648763797273,807.6853481600896,853.744797749667,-0.023438,0.156250,1.015627,1,1,1,1,1,70.849998
2022-04-23 20:24:06.958,0.03366313673512306,0.07736150455322624,-0.2046007361065497,0.2116171711855002,0.2942674060984981,-0.4478863821391761,-0.6917446502016591,0.3962109135468985,0.7862447553033052,0.01315838606505157,0.1283109238753289,0.8284042978531811,0.06058391967906242,-0.7384608648095793,-0.6456636707273449,0.03786444713667002,-0.7543755236523877,-1.082277854872086,-0.9487767016231347,-0.7479198443414247,853.744797749667,835.650013982333,810.9753088450593,853.744797749667,-0.023438,0.156250,1.019533,1,1,1,1,1,70.849998
2022-04-23 20:24:07.958,0.1708092302025093,-0.4655672490290921,-0.4628771019763089,0.2745234837124046,0.07003637030505654,-0.7089182303478048,-0.7985507207360799,0.2515960857607957,0.9032863935154344,-0.1567822642083257,-0.1472254876650635,0.9256955140517419,0.390339060435128,-0.5858764633903668,-0.4295530687062649,0.271433442048074,-0.4117799495013112,-1.080356794098233,-0.6490488504744591,-0.3291560257497155,850.4548370646971,837.2949943248179,810.9753088450593,857.0347584346367,-0.027344,0.156250,1.019533,1,1,1,1,1,70.849998
2022-04-23 20:24:08.969,0.1692077661864568,0.13550422821778,-0.6046947009532421,0.2846616756553637,0.2524095078390849,-0.341111488069102,-0.7924122762570477,0.2254435281558226,1.025730347965671,0.05921672487411987,-0.06931711706891232,1.003841316074368,0.3696512559263193,-0.5375047087409773,-0.4585566646635768,0.2764513629405002,-0.2627195375686912,-1.134356261582495,-0.6449763018333905,-0.2574610858301206,847.1648763797273,838.9399746673027,815.9102498725141,845.5198960372425,-0.023438,0.152344,1.015627,1,1,1,1,1,70.699997
2022-04-23 20:24:09.958,0.4842572877485785,0.1952802950293976,-0.4274356193474627,0.4792797911942689,0.3498110639791425,-0.274959758515251,-0.6248451694657566,0.3454471771992263,0.6932184228376559,-0.06415915701274429,-0.1305474326567875,0.620658829729881,0.1162647813856499,-0.7490152168946632,-0.3917526688626973,0.2285799277519389,-0.3668412738394531,-1.029491633536479,-0.8191702192343723,-0.4754364122562869,845.5198960372425,843.8749156947575,810.9753088450593,848.8098567222122,-0.023438,0.140625,1.015627,1,1,1,1,1,70.699997
2022-04-23 20:24:10.957,0.5155355424710633,-0.2909499828954021,-0.806217842200717,0.616033354814374,0.1686254599840872,-0.5059675749601439,-0.4064536579154118,0.200230744846751,0.5528842016315738,-0.2457591274291701,-0.0445596047425842,0.4743839030428228,0.002022378371748899,-0.692794552357073,-0.4195639798216907,0.105443120502677,-0.5605352161672426,-1.218854343978118,-0.6854079822962115,-0.5543464107944939,847.1648763797273,840.5849550097877,809.3303285025745,855.3897780921519,-0.019531,0.140625,1.019533,1,1,1,1,1,70.699997
2022-04-23 20:24:11.972,0.5458655305969603,-0.2830912221284159,-0.1673869596217754,0.6332935673110907,0.2775558924517074,-0.4495407561508401,-0.3771967320328855,0.3707572358433583,0.6802564985360905,-0.1906159751407059,-0.04893202148563946,0.5905398864364594,0.06535023801550105,-0.6699238838864198,-0.4835772068315892,-0.01987535629573059,-0.4361845002567997,-1.015059054091811,-0.572857701342962,-0.3736966216171705,835.650013982333,842.2299353522726,819.200210557484,845.5198960372425,-0.027344,0.140625,1.019533,1,1,1,1,1,70.699997
2022-04-23 20:24:12.958,0.367499531149872,-0.3093069338050907,0.07216669261655767,0.3321819833780144,0.7325708864149749,-0.4802727917485431,-0.3564877611126573,0.6260418908488403,0.8425915069799514,-0.09737077871766843,-0.3771581483934451,0.8318553526971886,0.1168410350797814,-0.7603234005229857,-0.6264680246228439,-0.1444800682066907,-0.5461962982684597,-1.092064762753091,-0.7544811960152831,-0.5210312523703704,842.2299353522726,842.2299353522726,815.9102498725141,850.4548370646971,-0.019531,0.136719,1.019533,1,1,1,1,1,70.699997
2022-04-23 20:24:13.961,0.2959041288209627,-0.789525039416506,-0.2020285618819132,0.317921976645603,0.5411465896191544,-0.8075983112851867,-0.5681308049664319,0.4604935145998748,0.7099711922056356,-0.1171734854776777,-0.0469738816665011,0.7207498787610064,0.1367204629197737,-0.6815565428139753,-0.7633571172967066,0.01807962942459893,-0.5548219064846849,-1.146505154283418,-0.9285360258544365,-0.5790350822946275,843.8749156947575,840.5849550097877,819.200210557484,847.1648763797273,-0.015625,0.140625,1.019533,1,1,1,1,1,70.699997
2022-04-23 20:24:14.973,0.3060048236093806,-0.7971353959969946,-0.2355133829911714,0.3931382448252207,0.01608119171142109,-0.7446274048234716,-0.7003702772138737,0.09073259163590786,0.6779066773262237,-0.1763960547189805,0.03477615788702256,0.5997061497633498,-0.03015820766970563,-0.758180877751971,-0.7384738940230751,-0.1089424460300627,-0.4611335434904456,-1.102666575209175,-0.8275175238106526,-0.655887589850164,838.9399746673027,842.2299353522726,814.2652695300292,845.5198960372425,-0.019531,0.140625,1.015627,1,1,1,1,1,70.699997
2022-04-23 20:24:15.958,0.2904829190530023,-0.3101951628771358,-0.691909277233678,0.6129858548451511,0.1407214491453603,-0.5847470200153716,-0.5563559299887145,0.2812934744352893,0.8166713775229451,0.0170488430265472,-0.2349331898873906,0.6541936466395174,-0.00730438635387526,-0.7297836157020223,-0.5706898212280904,-0.09865581717980004,-0.4534291197219846,-1.275683095341088,-0.9601227014055558,-0.5028248600381245,842.2299353522726,843.8749156947575,814.2652695300292,848.8098567222122,-0.019531,0.140625,1.015627,1,1,1,1,1,70.699997
2022-04-23 20:24:16.958,0.5150025589528278,-0.4710304860206005,-0.5354549757669407,0.5957126952848225,0.2960611857962042,-0.6715460586733832,-0.6585668023773406,0.3938077358718627,0.6253575670883079,-0.3166178604801622,-0.2822312605482651,0.9581996081156602,0.04764440277242853,-0.7077588082023615,-0.5969292649722236,-0.01142283935637057,-0.4111602703422098,-1.274199986558924,-1.097011785885813,-0.4531271293415952,842.2299353522726,847.1648763797273,817.555230214999,850.4548370646971,-0.019531,0.140625,1.019533,1,1,1,1,1,70.699997
2022-04-23 20:24:17.958,0.3219434165364474,-0.2867753123165104,-0.342956981715519,0.2996593561455869,0.1721437709890784,-0.4608730045016181,-0.7144511906740261,0.3577454901944392,0.69515724907301,-0.07440027408674452,-0.2498811154874778,0.9472364799486961,0.0344827451935882,-0.6441603228473466,-0.6137790912119467,0.2023733877207584,-0.3902296005151745,-1.064034280628708,-0.9241573695040001,-0.5720653696282388,853.744797749667,840.5849550097877,810.9753088450593,850.4548370646971,-0.019531,0.140625,1.015627,1,1,1,1,1,70.699997
2022-04-23 20:24:18.958,0.1874760261283371,0.05575455374914963,-0.4664727421129845,0.1277345959329176,0.1081164084345457,-0.2835413611475175,-0.4408320710686712,0.03722050619472191,0.8217050797769273,-0.01193403165008249,0.003667067581935576,0.8812196702450232,0.2223409123488072,-0.5753208736692963,-0.5292428462732857,0.2625911076124193,-0.4550600507280437,-1.014604326510235,-0.8024531937162283,-0.5033520096025833,848.8098567222122,840.5849550097877,812.6202891875442,853.744797749667,-0.019531,0.140625,1.019533,1,1,1,1,1,70.599998
2022-04-23 20:24:19.957,0.2024790583299927,-0.05090910818360229,-0.5646000991551056,0.1758918773871337,0.1568759909900813,-0.379319870018905,-0.6465577366659316,-0.1418782127427896,0.852918356519433,0.0484278816669271,0.0669999767038249,0.7976386744787192,0.07660019450504606,-0.6503811892068003,-0.472396129659895,0.05670619215948869,-0.4542105733852552,-1.108089005605172,-0.9139289499684663,-0.4962435919955446,842.2299353522726,835.650013982333,812.6202891875442,852.0998174071821,-0.019531,0.140625,1.015627,1,1,1,1,1,70.599998
2022-04-23 20:24:20.957,0.1417530983055253,-0.2789448967143696,-0.4946438542230808,0.1683849017417035,-0.1117350139266646,-0.1779712368179891,-0.4509022733509418,-0.2416874438993165,0.5342430674108646,0.4323569606692743,0.3339341040026569,0.7007631282832698,-0.1201393334724329,-0.5594392103773367,-0.4157219114611687,-0.1122411166652024,-0.5741821020103995,-1.171959035872358,-0.8998218455577212,-0.7297000240673976,838.9399746673027,840.5849550097877,810.9753088450593,838.9399746673027,-0.015625,0.140625,1.015627,1,1,1,1,1,70.599998
2022-04-23 20:24:21.957,0.3077404774226855,-0.153762404886144,-0.3467736689144403,0.2504169334932533,0.2529490973423613,-0.407636127440197,-0.615348587840662,0.2057118987871291,0.6668494888581724,0.3594085249817279,0.1608865580333518,0.9168122241124946,-0.05892984922131524,-0.5624306855971863,-0.3974078814329297,-0.04032386952599871,-0.5439935173835787,-0.9980771159601096,-0.8214669522181661,-0.2811372562152234,842.2299353522726,840.5849550097877,810.9753088450593,845.5198960372425,-0.015625,0.140625,1.015627,1,1,1,1,1,70.599998
2022-04-23 20:24:22.958,-0.00725840602722405,0.07950210764700127,-0.6346240020660885,0.3223834085481634,0.124030918153293,-0.4891105091248605,-0.8146404852702561,0.08936032221212398,0.7738760462270422,0.07649138341966315,-0.1957317052744492,1.006004433250679,0.2741591116696404,-0.6028862199133258,-0.3994740412124189,0.3305961226043659,-0.3519933707850963,-0.9094820607653683,-0.8547331416574278,-0.295021519429824,847.1648763797273,840.5849550097877,814.2652695300292,858.6797387771217,-0.019531,0.140625,1.019533,1,1,1,1,1,70.599998
2022-04-23 20:24:23.958,0.2431566645278973,0.1507278673243109,-0.5018698597460115,0.3232535884341501,0.4272435913648242,-0.367110522711388,-0.5527565274967162,0.3907359212434642,0.948032359014859,-0.06869139057910562,0.1641204487659245,1.040185411265051,0.4633338130659998,-0.6292843076873229,-0.5770304213458022,0.5514292410615044,-0.4516437912702786,-0.9670161075404942,-1.105744712552842,-0.6502574979381278,845.5198960372425,837.2949943248179,812.6202891875442,850.4548370646971,-0.015625,0.140625,1.019533,1,1,1,1,1,70.599998
2022-04-23 20:24:24.958,0.2951659627606434,-0.0438114218467263,-0.5788191714552958,0.2333375039783908,0.6134641316780932,-0.4361456194314929,-0.372199681382708,0.6078604109844438,0.9018763197393301,-0.1266733063329076,0.06895600693450667,0.9621870711585849,0.3136011673442304,-0.6038975300740481,-0.4802940594931263,0.4517399312387522,-0.4087707043992956,-1.049345955339724,-1.028320646085248,-0.7143630838603272,852.0998174071821,838.9399746673027,806.0403678176046,848.8098567222122,-0.015625,0.136719,1.015627,1,1,1,1,1,70.599998
2022-04-23 20:24:25.959,0.1925519946391696,-0.0916571268942686,-0.3686937167970136,0.2381274887926685,0.3986048930354104,-0.5395747899239254,-0.500411461193998,0.4956476692182679,0.3099098927420414,-0.08235572713631105,0.04697824606448795,0.6194228757304578,0.156743421360978,-0.5472933202598741,-0.509618375423764,0.1968819389653853,-0.3209665828126522,-1.098409535417193,-0.7606085476922794,-0.3734331924341904,843.8749156947575,847.1648763797273,807.6853481600896,843.8749156947575,-0.015625,0.140625,1.019533,1,1,1,1,1,70.599998
2022-04-23 20:24:26.967,0.4821920626468673,-0.1185401945133408,-0.403962621298179,0.4637845019871247,0.2510904078373214,-0.3158817132991026,-0.689729169595401,0.3233814932745917,0.3744074712095403,-0.08571090206069225,-0.2891467646998612,0.5402697103930906,0.06238103720893441,-0.5914683119418561,-0.6006633945711041,-0.02875299254262146,-0.4272632597105916,-1.149420148929414,-0.8233930388174131,-0.4348812279621923,829.0700926123933,837.2949943248179,810.9753088450593,834.0050336398481,-0.015625,0.140625,1.019533,1,1,1,1,1,70.599998
2022-04-23 20:24:27.958,0.3549637701663397,-0.411912329928783,-0.4360802848551944,0.2481311033380318,0.07573250919520695,-0.4269609550744901,-0.7638222801451864,0.3011720320537332,0.8958936227039197,-0.0918845105303405,-0.3416957862611851,1.109683939404726,0.2514752110134306,-0.6147083841163186,-0.5259046428767296,0.245926266048082,-0.5267088751110324,-1.07925936505396,-0.719599943485929,-0.370742093988232,850.4548370646971,845.5198960372425,815.9102498725141,857.0347584346367,-0.015625,0.136719,1.019533,1,1,1,1,1,70.599998
2022-04-23 20:24:28.958,0.106681172503657,-0.5303345516741422,-0.4407560981355333,0.2168876362316323,0.003882071344267161,-0.5662925050054937,-0.6949819108010408,0.1180107122841156,0.9790065600469119,-0.3071625486605636,-0.2374141294996142,1.125960659504277,0.3165087096902204,-0.6090389386146919,-0.5964194778914232,0.3832814625683865,-0.5595078447433592,-1.017285310842764,-0.7949937999959317,-0.5479888819088718,835.650013982333,842.2299353522726,814.2652695300292,834.0050336398481,-0.015625,0.136719,1.019533,1,1,1,1,1,70.449997
2022-04-23 20:24:29.958,0.220955664770219,-0.3350466374996712,-0.5711594004961109,0.4106351386804254,0.4107746606830376,-0.9645013242288315,-0.3472475962402694,0.4709830328276836,1.026505572700127,-0.357440452272118,-0.2002098442131602,1.075674275119995,0.217991828394561,-0.7522176181719695,-0.582398871607696,0.1705301605971744,-0.605635422364922,-1.138311070495686,-0.9984829169645683,-0.5577825811760597,848.8098567222122,838.9399746673027,812.6202891875442,848.8098567222122,-0.015625,0.136719,1.019533,1,1,1,1,1,70.449997
2022-04-23 20:24:30.958,0.2034814909750061,0.001370654596388335,-0.4931656804674227,0.3811094809993983,0.4408812742748598,-0.8173736533870479,-0.5033284170936654,0.5642050494940377,0.9175500050093203,-0.1924995696366928,0.09557187430010426,1.147701354836185,0.0737059538721469,-0.716321312061198,-0.7220206615040278,0.07657986506874216,-0.5007028654259547,-0.9780110239997203,-1.107657713749212,-0.5492695123937006,847.1648763797273,843.8749156947575,810.9753088450593,852.0998174071821,-0.015625,0.136719,1.019533,1,1,1,1,1,70.449997
2022-04-23 20:24:31.964,0.1139867691282854,-0.1975499824489635,-0.3623759635962488,0.2358479597449832,0.4527996939221055,-0.6720861943424873,-0.4246365781621214,0.5408016066906302,0.8370356736048261,-0.04701724204545273,0.1732735560683858,1.073936354306198,0.09095515606294899,-0.657685283801511,-0.5349761447017173,0.01503026467673033,-0.4342532933996719,-1.043215918376288,-0.9820998298033847,-0.4991465294449333,838.9399746673027,838.9399746673027,817.555230214999,847.1648763797273,-0.015625,0.136719,1.019533,1,1,1,1,1,70.449997
2022-04-23 20:24:32.971,0.1221487326599865,-0.5811815108953776,-0.3017663949739871,0.2637057846505981,0.4314342452251773,-0.5971123784505433,-0.4192794350357535,0.387071103376007,0.5139009763394394,-0.1844223226750786,0.05146142648260449,0.6490570057453261,0.02525977805324991,-0.7092786029226256,-0.367494333076751,0.08245020894434527,-0.3620676132106169,-1.037370981405052,-0.8638037669089442,-0.3432884292125353,843.8749156947575,840.5849550097877,810.9753088450593,853.744797749667,-0.011719,0.140625,1.019533,1,1,1,1,1,70.449997
2022-04-23 20:24:33.957,0.4420761228602623,-0.3839855710989733,-0.4723860868511515,0.4119399107286969,0.3527248868218046,-0.7010980656713268,-0.5660160598712872,0.3495790829285318,0.522436615544364,-0.02440949790857187,-0.2552314708402062,0.4012960472846233,-0.01010398085175666,-0.6695360017298319,-0.6022426957920558,0.08596487744373772,-0.4772608944843331,-1.113316889244233,-0.7429517406938166,-0.2999516052158547,837.2949943248179,840.5849550097877,812.6202891875442,845.5198960372425,-0.007813,0.140625,1.023439,1,1,1,1,1,70.449997
2022-04-23 20:24:34.978,0.3490267713095105,-0.2974666509479974,-0.5489459307548736,0.1590634654438794,0.09506864942952739,-0.5993812812524318,-0.707467608047423,0.07807251652690318,0.5228919117029515,-0.02193847444290462,-0.2343886529286651,0.6287974844796813,-0.006905067206106273,-0.7895323779518783,-0.5840852684009786,-0.0290180958501597,-0.5927562010064543,-1.09168052151566,-0.8158310846391303,-0.4946268151837188,845.5198960372425,842.2299353522726,815.9102498725141,855.3897780921519,-0.011719,0.136719,1.019533,1,1,1,1,1,70.449997
2022-04-23 20:24:35.957,0.586798495710921,-0.2896188463131267,-0.3350987700481735,0.6699154204211965,0.4982447738462528,-0.668086399574716,-0.6583600822429831,0.5681319853347817,0.5934755418139914,-0.2650766917982994,-0.3734036396167615,0.6669410768147511,0.06459978048115617,-0.7890665952709385,-0.6377478145325013,0.07279441490263994,-0.5992705856474099,-1.022031555843096,-0.8890460320090159,-0.6375234594787731,845.5198960372425,838.9399746673027,817.555230214999,857.0347584346367,-0.011719,0.136719,1.019533,1,1,1,1,1,70.449997
2022-04-23 20:24:36.957,0.8246787260874153,-0.4181047519064566,-0.22490136647683,0.9641919512308047,0.5874724764196443,-0.6208550054407719,-0.3734553570123759,0.6496339290236103,0.4576962096145593,-0.3648929729008555,-0.2362674579318538,0.4619335873340384,0.02768642849304878,-0.9159912171483853,-0.5436303772438784,0.05204518084942378,-0.549539544067015,-1.016385259380503,-0.7938368019585468,-0.4953505362279678,845.5198960372425,845.5198960372425,812.6202891875442,847.1648763797273,-0.011719,0.136719,1.023439,1,1,1,1,1,70.449997
2022-04-23 20:24:37.957,0.204877828527363,-0.31881825961652,-0.9564465873894953,0.1687015532726537,0.006318947943113721,-0.3553526979054548,-0.5079022775171618,0.080452547783851,0.7029671084704257,-0.165209151986787,-0.2104850064349116,0.7083915707799849,0.0377045329413967,-0.7079558894493938,-0.4915527505637187,0.05396834867566658,-0.5381325861204269,-0.9795424989313055,-0.8435823514800822,-0.4267585845114703,840.5849550097877,842.2299353522726,817.555230214999,848.8098567222122,-0.011719,0.140625,1.019533,1,1,1,1,1,70.449997
2022-04-23 20:24:38.960,0.1629520193619629,-0.6465598665186525,-0.5361937165057079,0.2212682664234348,0.5564110783981391,-0.2868389452108832,-0.4211878345577018,0.5278832929988906,0.7645253629246889,-0.2310621286076107,-0.1385435594750397,0.7915510300467283,-0.1479583382447418,-0.8185624378312737,-0.5588765106607662,0.01782089168835295,-0.4165473861452282,-1.108325431315205,-1.028234342933181,-0.5374659916396985,848.8098567222122,837.2949943248179,809.3303285025745,845.5198960372425,-0.011719,0.140625,1.019533,1,1,1,1,1,70.349998
2022-04-23 20:24:39.958,0.283982562722406,-0.6895304903372831,-0.5549150885491896,0.07925221876479827,0.3055025028545137,-0.1276953578704844,-0.4405334415219342,0.1520236223928781,0.7493650152569726,-0.05726310882021904,-0.09199233436186688,0.7130882993724136,0.01481964478665895,-0.4861418260938726,-0.4724254712015337,0.1571945024069211,-0.4482753744170829,-1.042837914375182,-0.8210077111739746,-0.490524884758704,838.9399746673027,840.5849550097877,812.6202891875442,838.9399746673027,-0.015625,0.136719,1.019533,1,1,1,1,1,70.349998
2022-04-23 20:24:40.958,0.2240591355060702,-0.3836078995460476,-0.2485436636084157,0.4926620146875759,0.004406063565060778,-0.2944811013027958,-0.5929052983150034,-0.07821761868197617,0.6205496103804586,-0.01457640949961992,-0.1444228906615044,0.7576850383773173,0.1093134129856463,-0.4562051759145131,-0.4337854120954328,0.02838972732713862,-0.5638027772034463,-0.9358611827281372,-0.7345986719318353,-0.4731480604091902,858.6797387771217,838.9399746673027,809.3303285025745,861.9696994620915,-0.007813,0.136719,1.023439,1,1,1,1,1,70.349998
2022-04-23 20:24:41.958,0.3010446271059216,-0.5532269046799912,-0.4999461140477466,0.633762273865732,0.149552857434517,-0.7049119055742818,-0.7525661173644188,0.1222441341462707,0.7260430467428022,-0.0703270174553296,-0.3899266001161427,0.703044474613535,0.07828732361359197,-0.6484366575336077,-0.5186667456736299,-0.07874999379398154,-0.5679663394744725,-1.011256779659076,-0.8905829615104177,-0.4564862558692329,845.5198960372425,840.5849550097877,812.6202891875442,855.3897780921519,-0.011719,0.136719,1.019533,1,1,1,1,1,70.349998
2022-04-23 20:24:42.961,0.2174579688048751,-0.8301182932055412,-0.8217576885194245,0.2879619386962159,0.02505544678724174,-0.9924328955338029,-0.8407418835928226,0.07620191596663078,0.7519390743594978,-0.1602092833598987,-0.4181263680723327,0.7440853549077742,-0.1888946063442761,-0.6997972773607758,-0.7661623834360076,-0.1505997561072867,-0.6799237282233549,-1.002611155393238,-0.9324770616494089,-0.5924017317149934,847.1648763797273,835.650013982333,812.6202891875442,857.0347584346367,-0.007813,0.132813,1.023439,1,1,1,1,1,70.349998
2022-04-23 20:24:43.958,0.4030831017132191,-0.5167087460535134,-0.4453282659333666,0.438784412513037,0.2674875734049093,-0.6713678487941069,-0.5838320911984408,0.3787921529997001,0.6565455125886576,0.08458525785198004,-0.2551051024392615,0.6288473848706549,0.1034264181132343,-0.6803500764479246,-0.659549748437203,0.1660297629186744,-0.5820493198992782,-1.127601017833821,-0.6810564084586688,-0.5012598410363917,852.0998174071821,838.9399746673027,814.2652695300292,857.0347584346367,-0.007813,0.140625,1.019533,1,1,1,1,1,70.349998
2022-04-23 20:24:44.958,0.3556183314189194,-0.3989775037973711,-0.2646030881751567,0.3925199011818071,0.3355440980844126,-0.5131936791971968,-0.470669032516876,0.4590321919518009,0.8033880969426057,0.08309301799902788,-0.2365051866934428,0.9661999321249195,0.1452419757903473,-0.6819279642783029,-0.5249353226621859,0.08847025103696401,-0.4219698574339403,-1.172360022775677,-0.6386526238792519,-0.4005839935778643,845.5198960372425,840.5849550097877,814.2652695300292,855.3897780921519,-0.007813,0.136719,1.019533,1,1,1,1,1,70.349998
2022-04-23 20:24:45.958,-0.1693750515749721,-0.3794135716601617,-0.4110100172276438,0.03337831720789566,0.4313058070577411,-0.3246558582046017,-0.3648216174639233,0.5544308993976775,0.8015411680165,0.1573878443222265,0.1527766430982853,0.957047432991737,0.001909105087198686,-0.6633780997993559,-0.5873759230870396,0.02316720024545649,-0.5795946755871687,-1.278508400865442,-0.7653868675108974,-0.4846182915401557,840.5849550097877,840.5849550097877,810.9753088450593,847.1648763797273,-0.003906,0.136719,1.019533,1,1,1,1,1,70.349998
2022-04-23 20:24:46.958,0.5805473554888276,-0.3287019032334751,-0.3270356717974163,0.5089349579198977,0.3235001865381074,-0.5050644385370368,-0.1959572121412972,0.3864842236543966,0.591548179516558,0.1129835790850898,0.2023114349290989,0.5816965057278075,0.09328146811965408,-0.6345406103632766,-0.4980850191178898,-0.1144082532114729,-0.5937449448268211,-1.227152805283805,-0.7687135680804434,-0.4018290577444288,847.1648763797273,840.5849550097877,807.6853481600896,848.8098567222122,-0.011719,0.140625,1.019533,1,1,1,1,1,70.349998
2022-04-23 20:24:47.960,0.5690695274263122,-0.3982858537191689,-0.626673253289415,0.5348055186220443,0.1583825207614233,-0.4600046070016749,-0.2909018907253615,0.2629308729286579,0.6345986895499253,-0.1146642979530545,0.2901344737920518,0.9229888600087667,0.3296512744383539,-0.4965624731529898,-0.5469639760492327,0.1599152418369951,-0.4434582061431745,-1.063021841632374,-0.8652967445178259,-0.6370349674902237,847.1648763797273,838.9399746673027,812.6202891875442,853.744797749667,-0.007813,0.136719,1.019533,1,1,1,1,1,70.349998
2022-04-23 20:24:48.958,-0.106605015206072,-0.1067759273441255,-0.6743727870510982,0.05767920757111568,0.2247922415006361,-0.6048942494417987,-0.7339087039516833,0.259598184120402,0.7867263262584844,-0.1535338328108881,0.2241677962846167,1.00418463958571,0.2751799262287454,-0.6379131934720756,-0.451770124400419,0.2601508014381824,-0.3220233369120537,-0.958257400963098,-0.7705112458965884,-0.6112055005319524,840.5849550097877,838.9399746673027,810.9753088450593,837.2949943248179,-0.007813,0.136719,1.015627,1,1,1,1,1,70.199997
2022-04-23 20:24:49.958,0.420735123911284,-0.2210833864438093,-0.7295085558419936,0.2352813027982102,0.1994906757138056,-0.5201865755368712,-0.850093835553686,0.2368017728062206,1.23080661868004,-0.07002264043498761,-0.02282696985373667,1.272568585481863,0.3909252206276095,-0.7724088417943765,-0.5931287827134073,0.3462664646880612,-0.3906822147834465,-0.9404322068393912,-0.8798589310264644,-0.4654103816788539,843.8749156947575,838.9399746673027,812.6202891875442,857.0347584346367,-0.003906,0.136719,1.019533,1,1,1,1,1,70.199997
2022-04-23 20:24:50.966,0.2031010226758699,-0.4486142688685566,-0.72661799889846,-0.3156346857139748,0.1538566504688164,-0.5024570740742567,-0.6696648674365507,0.1514004705347137,1.151339316850357,-0.0946716324310273,-0.1196112299535761,1.039180898397966,0.3735361461715173,-0.5511312097930349,-0.4296531077582933,0.2904662702680878,-0.4748217976588869,-0.8610693443332789,-0.7550789770088361,-0.568951135072379,852.0998174071821,840.5849550097877,814.2652695300292,850.4548370646971,-0.003906,0.136719,1.019533,1,1,1,1,1,70.199997
2022-04-23 20:24:51.958,-0.000973786680761463,-0.3742703268060582,-1.155937038981938,-0.09047385285701229,0.07145603550135596,-0.8367437473566557,-0.6448107848713328,0.1077910481937321,1.027473060740086,0.1535934049690459,-0.06894924326662234,0.8978588445253205,0.2108725482247762,-0.5596446614578603,-0.4036914547857607,0.2253564136503058,-0.6330749570311663,-0.8851799322750193,-0.8912686677481753,-0.5704007582206063,860.3247191196066,842.2299353522726,814.2652695300292,865.2596601470613,-0.007813,0.136719,1.019533,1,1,1,1,1,70.199997
2022-04-23 20:24:52.958,0.0453870535118627,-0.5871249206528512,-0.728283820522722,-0.02072898533099982,0.09949803957174407,-0.555475055045929,-0.8403526798997073,0.06555463216269092,1.097370924254959,0.2136032207995728,-0.00137638395773022,1.104024487361065,0.2699492402117795,-0.509807674457978,-0.4981852318517204,0.3373947406510934,-0.5041949282291905,-0.915563076653189,-0.7233397018607187,-0.2558912156165367,843.8749156947575,845.5198960372425,817.555230214999,843.8749156947575,-0.003906,0.136719,1.019533,1,1,1,1,1,70.199997
2022-04-23 20:24:53.958,0.118379770316139,-0.09372661705503257,-0.3362835120039135,-0.2564081719392833,0.2426860106217696,-0.1053776882835171,-0.6369302100194147,0.2146249585297527,1.113073425193165,0.1606621440540653,-0.1564835508567836,1.18059103302366,0.1178135662523707,-0.6396659232098892,-0.3243206227256218,0.169442349402373,-0.3651940950417956,-0.9431738170044616,-0.7227120078424901,-0.2811554568423135,834.0050336398481,838.9399746673027,810.9753088450593,848.8098567222122,-0.003906,0.136719,1.019533,1,1,1,1,1,70.199997
2022-04-23 20:24:54.958,-0.2370812582289658,-0.0805809795713691,-0.6804903364253846,-0.3328700422214601,0.3075696142025477,-0.2592087554513253,-0.6745944088751534,0.4968476052940095,1.182214732024711,0.08626667614706984,-0.149791420124061,1.273618391765727,0.3602603560180085,-0.5478664665867147,-0.3040394651413261,0.2875716087455528,-0.4163830440580388,-0.9121407853097175,-0.9787412919566746,-0.3391555219529166,852.0998174071821,843.8749156947575,807.6853481600896,857.0347584346367,-0.007813,0.136719,1.019533,1,1,1,1,1,70.199997
2022-04-23 20:24:55.958,-0.2348039651407548,-0.224084524385572,-0.8331484094699981,-0.0341036239915073,0.3793905363384603,-0.6354591011317832,-0.7981566962119372,0.5264608245602309,1.157423668986695,-0.2856033300563962,-0.2112422774772018,1.192977914996701,0.3513252431163366,-0.4511375213408649,-0.4204288831410442,0.2286525330603625,-0.4332348071262667,-1.054148075410692,-1.005762965863842,-0.3886913593405645,847.1648763797273,835.650013982333,822.4901712424537,855.3897780921519,-0.007813,0.132813,1.019533,1,1,1,1,1,70.199997
2022-04-23 20:24:56.958,-0.08806218432867738,-0.5774406790512677,-0.9172062617844643,0.2184284698577218,-0.1120102805383931,-0.6501488154654955,-0.8808823935179461,-0.01509329607394342,1.078996411667126,-0.3160165603128362,-0.2463532680310671,1.029606502186022,0.1436349804336743,-0.6425458088798237,-0.3494523543251997,0.1378040176937863,-0.3191543552759642,-0.9218167621559121,-0.5784552945066042,-0.2766557105165291,832.3600532973632,843.8749156947575,809.3303285025745,840.5849550097877,-0.007813,0.140625,1.019533,1,1,1,1,1,70.199997
2022-04-23 20:24:57.971,-0.07505513639585411,-0.3241939374147653,-0.2724170935268255,-0.1199284275021736,0.2511909814215947,-0.6510228627535506,-0.5193021498794584,-0.01156742835486826,0.9638941538437509,-0.2961757705351854,-0.3161338662050657,0.9829953239147843,0.3926957181993859,-0.7440877150730471,-0.3285330854398874,0.3630887042008222,-0.3687516322734755,-1.007508477118456,-0.7753311519962023,-0.3319303089735469,845.5198960372425,840.5849550097877,809.3303285025745,847.1648763797273,-0.003906,0.136719,1.019533,1,1,1,1,1,70.199997
2022-04-23 20:24:58.958,0.0371843659851091,-0.3972880316461164,-0.1895207322018436,-0.1747094574157135,0.1210047128429124,-0.810986622281706,-0.5343801995940504,-0.0862668544134285,1.038081456101847,-0.3405115785833139,-0.1881740703104364,0.8585984639706241,0.3550747539082987,-0.7249128424934006,-0.3796488446856314,0.2817766272089575,-0.4422379784678407,-1.045019196156042,-0.7286631992666849,-0.4119026440513188,853.744797749667,845.5198960372425,812.6202891875442,855.3897780921519,-0.003906,0.132813,1.019533,1,1,1,1,1,70.099998
2022-04-23 20:24:59.972,-0.2670365945617041,-0.6503062014788102,-0.9207907743188845,-0.178690332581091,-0.01055583296105212,-0.9714483997027781,-0.7127874411192883,-0.01328801541877638,1.234978415062384,-0.2452714474571487,-0.1558307557802186,1.143138483642449,0.2338514152562328,-0.6575869469929965,-0.4097395378019517,0.1239088633344567,-0.5651946140339388,-1.062275366470682,-0.6574193440142609,-0.2665455113941083,838.9399746673027,842.2299353522726,812.6202891875442,843.8749156947575,-0.003906,0.136719,1.023439,1,1,1,1,1,70.099998
2022-04-23 20:25:00.958,-0.06341048683589386,-0.1155594832456107,-0.7696217694696822,-0.08936402070008566,-0.05627719149537506,-0.4252386524831269,-0.5695578794290492,-0.03850441368456713,1.103273659130541,-0.2012053427160994,-0.1468224823976584,1.183313950800922,0.1351516095053314,-0.6682901609940687,-0.5934193434427777,0.1590946389279538,-0.460094340450511,-1.043530769496723,-0.7623550415189012,-0.4141261386383667,852.0998174071821,837.2949943248179,810.9753088450593,860.3247191196066,0.000000,0.140625,1.019533,1,1,1,1,1,70.099998
2022-04-23 20:25:01.958,-0.1647202211607753,-0.3686442041041872,-0.8907313211104094,-0.05028545578901308,-0.04847030990575664,-0.515516258391623,-0.5222616317745559,0.03748565122902271,0.9674809023099512,-0.2674522217017465,-0.1012196420384157,1.183804962736986,0.1562170088024847,-0.6584802522255768,-0.4841132817041134,0.2743245311859909,-0.4146806396245729,-1.081487255143348,-0.8130914035513372,-0.4957936883932155,848.8098567222122,842.2299353522726,812.6202891875442,852.0998174071821,0.000000,0.136719,1.019533,1,1,1,1,1,70.099998
2022-04-23 20:25:02.958,-0.4968812606372714,-0.4048535117582858,-0.8364493075448889,-0.2842687808850479,-0.05994721231507164,-0.8104519067975101,-0.4102720754725789,-0.07550090827422663,1.103727886634674,-0.3030154167086245,0.2897492535898152,1.251074612314987,0.168525992944017,-0.7222063191293073,-0.3750618898299765,0.3566696587621521,-0.4177781137155576,-1.11140086463722,-0.8310200264446798,-0.3560914293494429,840.5849550097877,840.5849550097877,812.6202891875442,847.1648763797273,-0.003906,0.136719,1.019533,1,1,1,1,1,70.099998
2022-04-23 20:25:03.959,0.009868770707059224,-0.4700626003604019,-0.4673137484892679,-0.2511304031683159,0.1076511772270198,-0.609310021655542,-0.1579313917416449,-0.01731760106742643,1.0578476627225,-0.008290182932321007,0.3196476854595737,1.061315936135723,0.3147450267526468,-0.7993892577063211,-0.2547783873585217,0.213500345393791,-0.4997087577434526,-1.053062714198279,-0.7658864476571809,-0.3649214340025407,847.1648763797273,838.9399746673027,814.2652695300292,855.3897780921519,-0.003906,0.136719,1.019533,1,1,1,1,1,70.099998
2022-04-23 20:25:04.959,-0.1461974882224339,-0.4938092252648469,-0.643921304225526,-0.3360219758571589,-0.002923033437238845,-0.5386677506656576,-0.5682494743422629,-0.001665579465425883,1.112504169153886,-0.07822565818779648,-0.09987856610328422,1.084797726306733,0.3616438373455582,-0.5551324982304607,-0.3925169143875514,0.1767235031005965,-0.4663536488742843,-0.9827177451414668,-0.7335702020317489,-0.2977691977409115,834.0050336398481,838.9399746673027,814.2652695300292,848.8098567222122,0.000000,0.136719,1.019533,1,1,1,1,1,70.099998
2022-04-23 20:25:05.960,-0.2025991497443898,-0.451513589626208,-0.8800678564695846,-0.01005623555510164,0.5556812517221843,-0.4762112588874314,-0.5845121691840865,0.331588771154713,1.354407842890563,-0.1276545564305397,-0.06305126660494347,1.204337314897767,0.3017849581653023,-0.5174825988090351,-0.4291839703095587,0.1272875498220934,-0.5128664380957363,-1.092234295989234,-0.613196426990361,-0.3765156746560134,842.2299353522726,842.2299353522726,814.2652695300292,847.1648763797273,0.000000,0.140625,1.019533,1,1,1,1,1,70.099998
2022-04-23 20:25:06.959,-0.0814408275279553,-0.6166566453966884,-0.969139673853085,0.04255495409400232,0.4426179822964551,-0.6662559307371159,-0.8333053957761097,0.2766824679923277,1.16742021420726,-0.2229179354296826,-0.09555025950220745,1.127007227610425,0.2171374661282193,-0.6542790914636623,-0.6177961458218602,0.2173978780699773,-0.187966771196341,-0.8598949432450117,-0.6301380886260355,-0.3883252958577838,835.650013982333,835.650013982333,814.2652695300292,845.5198960372425,-0.003906,0.136719,1.019533,1,1,1,1,1,70.099998
2022-04-23 20:25:07.959,-0.003149470896722065,-0.5894379852260665,-0.7957439598232028,-0.2359503556704692,-0.07513639795007017,-0.7842174196693201,-0.8731167262447522,-0.2148667978509117,0.8989343169312113,-0.2718126094605933,-0.04424483795056827,0.7117788281635739,0.2347616873952163,-0.6720675915877883,-0.6098473483099116,0.2066495998256646,-0.2046007189549382,-0.8861538670627033,-0.701777138078722,-0.3122516400044047,843.8749156947575,837.2949943248179,814.2652695300292,843.8749156947575,0.003906,0.136719,1.015627,1,1,1,1,1,70.099998
2022-04-23 20:25:08.959,0.01515616219020427,-0.4184876226797223,-0.706223754587927,-0.01799344331081403,-0.05296625268763778,-0.684211677572902,-0.8674739384182074,-0.4076141238280743,0.9438188699842053,-0.3034032564865765,-0.203217463782936,0.7398850126644234,0.1718306863604921,-0.6076087186330613,-0.516830450415541,0.0949051743460651,-0.301788426353044,-0.9755973597938095,-0.7777775326410772,-0.313473651308575,840.5849550097877,842.2299353522726,810.9753088450593,850.4548370646971,0.000000,0.136719,1.019533,1,1,1,1,1,69.949997
2022-04-23 20:25:09.958,-0.0724605538867575,-0.4359210748863933,-0.6704198724021148,-0.1027753143055403,0.1044065208352353,-0.5502008360301145,-0.633524225653202,-0.002206468500531941,1.068397823656304,0.03179485575432123,-0.08948162703815569,0.8199786080836495,0.1680257330736947,-0.5477459097496028,-0.4694551951867844,0.02297536695391269,-0.570597496716881,-1.011077062828305,-0.8600683077585066,-0.4383607901503693,847.1648763797273,843.8749156947575,812.6202891875442,853.744797749667,0.003906,0.136719,1.019533,1,1,1,1,1,69.949997
2022-04-23 20:25:10.958,0.1142303065695456,-0.3575201853722115,-1.031358875483356,0.02318255193219396,0.1234471170505585,-0.5045904434782574,-0.5052405314747215,0.0131707981567191,1.043764050117312,-0.02222881901354745,-0.03243565469137762,0.867247545806953,0.230030390352547,-0.5539419790268135,-0.4840716348483456,0.1830362582202881,-0.5899032497024702,-1.100670692919414,-0.8839263609079142,-0.4151073105171076,845.5198960372425,837.2949943248179,810.9753088450593,852.0998174071821,0.000000,0.132813,1.019533,1,1,1,1,1,69.949997
2022-04-23 20:25:11.958,-0.02811790638763448,-0.4624806106172164,-0.4938665735836142,-0.0189937737800742,0.1059973805244464,-0.5686410827170399,-0.6507369353799741,-0.005738377901457824,0.7937647898224356,-0.3709489431299656,-0.154196098437256,0.8307752617870483,0.1004817084961449,-0.6120131911380182,-0.5415647375462269,0.1618537348992077,-0.5024466498884425,-0.9663986757960247,-0.9675562625643387,-0.3957468032061887,865.2596601470613,840.5849550097877,814.2652695300292,866.9046404895462,0.000000,0.136719,1.019533,1,1,1,1,1,69.949997
2022-04-23 20:25:12.958,0.06835388478197391,-0.8066645709501227,-0.5937762678648243,0.1102128391005838,0.1663515842336755,-0.7231244441353841,-0.7630010795602981,0.2335591293806936,0.754980798465443,-0.360183512984339,0.01411130085188121,0.8462827004641917,0.0225138988013873,-0.7257625887551732,-0.627376872089791,0.09068073956012608,-0.505216891257,-1.050204273352451,-0.9981272051684994,-0.4615535486360107,847.1648763797273,840.5849550097877,809.3303285025745,852.0998174071821,0.003906,0.136719,1.019533,1,1,1,1,1,69.949997
2022-04-23 20:25:13.958,0.2265885023176426,-0.4456926179683373,-0.4274513272715172,0.1121514090838449,0.2154088556616125,-0.755277572332461,-0.3820926718002339,0.3229827439120234,0.9993629363844403,-0.3840192364842894,0.1262250449499293,1.046440455761765,0.230781420487599,-0.851870993652551,-0.7253293942619549,0.1834230582046503,-0.5143383419462773,-1.178622728185496,-1.017704658859125,-0.5002206744475994,848.8098567222122,842.2299353522726,814.2652695300292,852.0998174071821,0.000000,0.136719,1.019533,1,1,1,1,1,69.949997
2022-04-23 20:25:14.960,0.2930483430320055,-0.5697387660482115,-0.3450910371904061,0.1727453815827215,0.3854295724915762,-0.7355614121513055,-0.3559695039841145,0.313861464776677,1.123758514295744,-0.3693532554242369,-0.03316925145476698,1.152772182896338,0.2381836293676773,-0.8610776070303645,-0.6883556790691469,0.200971670499187,-0.3833059311688884,-1.083735363299207,-0.7932881346875152,-0.3925320053123044,840.5849550097877,843.8749156947575,815.9102498725141,853.744797749667,0.007813,0.140625,1.019533,1,1,1,1,1,69.949997
2022-04-23 20:25:15.959,0.07905910657670159,-0.130277913835624,-0.5592535594487511,0.1484847257338242,0.0844582255826505,-0.4711090645943422,-0.5068872893934129,0.118258633790168,0.9645686588328426,-0.1910584714562931,-0.1661271960938043,0.9697059623822114,0.1337039071527976,-0.690698493926346,-0.6776811896204841,0.1522819110704858,-0.4336229725092305,-1.109287947631821,-0.8185622308447417,-0.4382155993005998,847.1648763797273,840.5849550097877,810.9753088450593,850.4548370646971,0.003906,0.136719,1.015627,1,1,1,1,1,69.949997
2022-04-23 20:25:16.959,0.2515404935756489,-0.2182441588494082,-0.5919818073141455,0.2205920719746743,0.2341821338679267,-0.3722857354276063,-0.5678773095428583,0.101704346284594,0.9481947472177921,-0.1746931609061691,0.1098596565950319,1.068380729292369,0.1166586035040805,-0.606192380847546,-0.5419451016845107,0.09694669090504793,-0.4966763623139846,-1.107827523165017,-0.8082332135984777,-0.5196515625445733,840.5849550097877,837.2949943248179,814.2652695300292,855.3897780921519,0.003906,0.136719,1.019533,1,1,1,1,1,69.949997
2022-04-23 20:25:17.960,0.3550218532734781,-0.0643610999171,-0.4989382022829598,0.1629520772573234,0.1960384281528169,-0.4941803399158915,-0.5679081911581085,0.1178601099750701,1.293068323794782,-0.1089823255971551,0.105126643097167,1.153493947542205,0.1747133653341146,-0.6111361520097864,-0.4731376531563794,0.125441321441825,-0.3867645700206572,-0.8566408059950749,-0.4850457151094288,-0.30673740018154,855.3897780921519,845.5198960372425,815.9102498725141,863.6146798045764,0.007813,0.136719,1.019533,1,1,1,1,1,69.949997
2022-04-23 20:25:18.959,0.195262156201122,-0.164259931124226,-0.7002335061493652,0.299998389800796,0.05184318965298026,-0.306627498170596,-0.6307509362196491,0.02935873456359598,1.155404294099359,0.07479966394442318,-0.08480746120361132,1.182622953542514,0.1704857453680262,-0.5296663848341632,-0.4471953553631933,0.2009212788038657,-0.4498316182478193,-0.8681649563854645,-0.5464727720236415,-0.2379041865327166,843.8749156947575,842.2299353522726,819.200210557484,852.0998174071821,0.003906,0.136719,1.019533,1,1,1,1,1,69.849998
2022-04-23 20:25:19.959,0.3828259994442763,0.1973431219057127,-0.2997225295049698,0.4204038827805521,0.3208346393419074,-0.1580702075520992,-0.5068393999394166,0.4318741075342309,1.078978351253568,0.1001224083334775,-0.03856182037077553,1.190323679595384,0.07891470638338033,-0.5326538533649439,-0.400305655101601,0.2095085462334455,-0.4244870800277556,-0.8521623021762458,-0.4989453103828439,-0.347798318925683,838.9399746673027,843.8749156947575,809.3303285025745,842.2299353522726,0.003906,0.136719,1.019533,1,1,1,1,1,69.849998
2022-04-23 20:25:20.969,0.4950850548949736,0.1398776402666481,-0.4334465471389682,0.5029244942138142,0.4434205785771932,-0.4142572974155792,-0.499098885385213,0.456517313253246,1.112187422038688,0.006802121442916408,-0.02893419617390419,1.338078711948806,0.01541381027306208,-0.6712707002249358,-0.4855803793256116,0.1259254884358727,-0.483374866785235,-1.085581602937291,-0.590480083849659,-0.2976538680141967,848.8098567222122,840.5849550097877,815.9102498725141,850.4548370646971,0.003906,0.140625,1.019533,1,1,1,1,1,69.849998
2022-04-23 20:25:21.958,0.3889206069783336,-0.7228792894970471,-0.2496993680560923,0.3633190537855411,0.2773579103812769,-1.044615412671755,-0.8704497498777926,0.1057279745566574,1.150359563815774,-0.01983983357681123,-0.2873253837392818,1.183709493213859,-0.01486647322069745,-0.6858860678692614,-0.5854473394148257,0.02012022383802679,-0.4756249863940139,-1.044778737677078,-0.9657110892033934,-0.3342656019926242,845.5198960372425,838.9399746673027,810.9753088450593,850.4548370646971,0.007813,0.136719,1.019533,1,1,1,1,1,69.849998
2022-04-23 20:25:22.971,0.4756628203117577,-0.383624219786927,-0.2945333623586592,0.4841813458642235,0.2818033260952221,-0.5917371301542318,-0.6100077906387811,0.1570298409358905,0.8227440665854858,-0.0485761442329175,-0.3566357832729764,0.8836756619914802,0.06249125957844471,-0.6874289099135977,-0.4788351329290574,0.1955284131718963,-0.5135741522769542,-0.924690191414116,-0.6798390119090904,-0.4595395667427807,845.5198960372425,838.9399746673027,812.6202891875442,847.1648763797273,0.003906,0.136719,1.015627,1,1,1,1,1,69.849998
2022-04-23 20:25:23.974,0.1045235466932308,-0.2371798024969228,-0.5835904211514501,0.5432277696577563,0.4137252552521285,-0.7448975339610083,-0.5605728228792548,0.3375829709246049,1.058349881812749,-0.0517548092284293,-0.3859264191056299,1.036146715756594,0.1568034082850994,-0.7504921549170361,-0.4942654499988151,0.1671466829296125,-0.4341321584671671,-1.036394604115903,-0.840503553765037,-0.4994742603198033,858.6797387771217,845.5198960372425,815.9102498725141,870.194601174516,0.007813,0.136719,1.019533,1,1,1,1,1,69.849998
2022-04-23 20:25:24.958,0.2072311546936796,-0.3987271877404209,-0.6446908821008652,0.5018444740746955,0.4050649657986907,-0.6692694764491097,-0.558503543360377,0.3324044385845262,1.327444651724738,0.1507180810962955,-0.1108925599323679,1.353013942443862,0.214546826551524,-0.7154112925145343,-0.4112118168353209,0.144519746751656,-0.3224520094039364,-1.154285912819886,-0.6705782773985999,-0.4251196109017202,845.5198960372425,840.5849550097877,812.6202891875442,847.1648763797273,0.007813,0.136719,1.019533,1,1,1,1,1,69.849998
2022-04-23 20:25:25.959,0.4486321858925392,-0.4090297852310997,-0.5744198734220891,0.2852372440515626,0.04703471405576413,-0.6137280270645498,-0.5236457936722162,0.1275056146500268,1.2625310668164,0.1403983236812911,-0.3001840494518316,1.355134703379788,0.2722770050586826,-0.6025763364568235,-0.4372652170471458,0.3638490228755955,-0.2999630639985364,-1.050437624845758,-0.6881786336548055,-0.419592266806337,845.5198960372425,842.2299353522726,814.2652695300292,857.0347584346367,0.007813,0.136719,1.023439,1,1,1,1,1,69.849998
2022-04-23 20:25:26.958,-0.04791930089769132,-0.4089263747232652,-0.5081540817748093,-0.4156249574918769,0.02080661459113446,-0.5074243866186839,-0.5687539501598813,0.2533044685680552,0.942438223551273,-0.1473838336122484,-0.2156745214201013,0.9829348165244013,0.2145437329416998,-0.4328510282211172,-0.4960070870695582,0.3203825307173541,-0.4762193306640815,-1.081865476024265,-0.7334020991001525,-0.5680652725139492,858.6797387771217,847.1648763797273,809.3303285025745,853.744797749667,0.007813,0.136719,1.019533,1,1,1,1,1,69.849998
2022-04-23 20:25:27.958,-0.2887778813647494,-0.2297962826385073,-0.4938279763100866,-0.1774253523721222,0.1264430652234017,-0.5844589299619973,-0.5870772325447338,0.1897623495746082,1.124490386984304,-0.2623378639088829,-0.2646066080293339,1.094608410951769,0.227506852215031,-0.5013031945118097,-0.6794339757530611,0.1323777907288392,-0.3776178570612335,-0.9824179038464799,-0.5989944041955745,-0.2577261762384544,834.0050336398481,837.2949943248179,814.2652695300292,845.5198960372425,0.007813,0.132813,1.019533,1,1,1,1,1,69.849998
2022-04-23 20:25:28.958,-0.194716448822603,-0.3584112091096302,-0.375455439213136,0.01560786599166239,0.07413379531125359,-0.5202663868427122,-0.3181408527956529,0.1595908094835446,1.168884849505474,-0.1098085670005459,-0.2780064623938822,1.222164249662549,0.4306646590916051,-0.4920492766473194,-0.4464215574478992,0.3686240374613687,-0.3473614900724515,-0.9365835229249468,-0.546206709734832,-0.1583224147858656,850.4548370646971,842.2299353522726,812.6202891875442,855.3897780921519,0.007813,0.136719,1.019533,1,1,1,1,1,69.699997
2022-04-23 20:25:29.980,0.09542240620149429,-0.5164068614175354,-0.480188625339859,0.103913061660629,0.06018379700878236,-0.5770408613662855,-0.4917783865966806,0.4036510215036553,1.069162325352451,-0.1207532413653356,-0.1308308588463105,1.237344405499149,0.278854057009632,-0.5847939895484421,-0.3456098945449352,0.3435869799433744,-0.3695676198277904,-0.9719808362370832,-0.7791610529766256,-0.3439038054543189,840.5849550097877,837.2949943248179,812.6202891875442,840.5849550097877,0.011719,0.136719,1.015627,1,1,1,1,1,69.699997
2022-04-23 20:25:30.959,0.09396485964965365,-0.5063910458514066,-0.5654133989084262,0.1024571551906372,-0.01571898321748495,-0.3904870822856323,-0.5961878358356784,0.1793391340276509,0.7289083485248481,-0.2317220585500416,-0.2386010174317496,0.788874028760272,0.1453918088570101,-0.5825887495993243,-0.598538416423593,0.08479711553109057,-0.3787911705772747,-1.038346285584393,-0.8885706399178803,-0.4367951086048678,838.9399746673027,835.650013982333,810.9753088450593,850.4548370646971,0.007813,0.136719,1.019533,1,1,1,1,1,69.699997
2022-04-23 20:25:31.959,-0.06530505349641563,-0.02208842917983297,-0.5590393690864605,0.153484138768084,-0.2381923345129622,-0.2913009890634066,-0.6210257819619172,-0.2450823515662934,0.8138866174266026,-0.2977427220910913,-0.4292905642125848,0.914127450354323,0.04730822035562814,-0.5549680194533418,-0.6759625917523865,0.1272679888399681,-0.4208416680948257,-1.061862925370485,-0.9428279910210566,-0.4164330355120671,847.1648763797273,838.9399746673027,817.555230214999,853.744797749667,0.007813,0.136719,1.019533,1,1,1,1,1,69.699997
2022-04-23 20:25:32.959,-0.01480020512495015,-0.2625552671206293,-0.6815992561562514,0.1407591642519732,0.1524403001654048,-0.5984885003389261,-0.5986012284192617,-0.01615235435166411,0.8765511296217701,-0.3700265383367938,-0.1097069609952824,0.9326883381698287,0.01330596398820486,-0.7353199999411821,-0.5311204131142805,0.04467893852294749,-0.5334688317815067,-1.094024524340048,-0.7408782506860507,-0.3470588341432672,847.1648763797273,840.5849550097877,815.9102498725141,855.3897780921519,0.007813,0.132813,1.019533,1,1,1,1,1,69.699997
2022-04-23 20:25:33.963,-0.06023363209028961,-0.4949501676335097,-0.6950438067749146,0.08441048739312033,0.0632881984240951,-0.8763367049630735,-0.8935616999885897,-0.01898899964705919,0.9600378776930409,-0.2834452159359229,-0.1817797164039392,1.061401577815696,0.02985808434523898,-0.8035286905949801,-0.4973884554730112,-0.01237955164113219,-0.2456559110006107,-0.9553211387498742,-0.5424303968791407,-0.2269164543996819,853.744797749667,840.5849550097877,810.9753088450593,857.0347584346367,0.007813,0.136719,1.019533,1,1,1,1,1,69.699997
2022-04-23 20:25:34.959,-0.3665730063153093,-0.5335225168148239,-1.216305098076892,-0.1302444669345331,0.003551107176723412,-0.7129246833023677,-0.5649330834522935,0.06416478317830704,0.8579849509752703,-0.06386907436451186,0.009270503794376548,0.9713481706913569,0.1507199803416432,-0.889215354049729,-0.6012382777313917,0.0218024749180285,-0.4919491348237855,-0.9927844741647032,-0.6431868782141736,-0.2871449695434467,845.5198960372425,840.5849550097877,814.2652695300292,848.8098567222122,0.011719,0.136719,1.019533,1,1,1,1,1,69.699997
2022-04-23 20:25:35.959,0.03006591462702256,-0.5288891710603965,-0.6734771738396891,0.1042351927437802,-0.1463948027897137,-0.7929915600693612,-0.5849484501181873,0.03749305007513241,0.880642554190201,-0.1025130905681063,-0.06165254409553055,0.9376900749885522,0.162423227050394,-0.6118397306797091,-0.4289643025879661,0.0503633182326899,-0.4877411292178855,-1.111990167638153,-0.7454712777516984,-0.2902335830692518,860.3247191196066,838.9399746673027,812.6202891875442,866.9046404895462,0.011719,0.136719,1.019533,1,1,1,1,1,69.699997
2022-04-23 20:25:36.959,0.06088134694426302,-0.675834552411483,-0.4464172382141063,0.0741300950032919,-0.07807105332510157,-0.6780679176804063,-0.5513006024609992,0.02174100182648003,0.8034026704992815,-0.4048069538456447,-0.2515225849365111,0.9502061581717471,0.0109623085377916,-0.7355399390480312,-0.6529789930843619,-0.01422060998281421,-0.4665579730036472,-1.085501246457774,-0.8927126544357095,-0.4191027482654354,842.2299353522726,837.2949943248179,810.9753088450593,840.5849550097877,0.007813,0.132813,1.015627,1,1,1,1,1,69.699997
2022-04-23 20:25:37.959,0.002579306082772872,-0.3562896848711024,-0.8086545639889292,-0.05462243023456954,0.04866161582363754,-0.7272778936617297,-0.5489053389781381,-0.03857943226568227,0.9208481720548619,-0.3261038375733785,-0.0658389837479721,1.010972637304759,0.06922405679785282,-0.6697632487337432,-0.574714716943036,-0.01170860784227611,-0.5487086974554531,-1.079240612981207,-0.8242392215826962,-0.6568210748808097,838.9399746673027,840.5849550097877,812.6202891875442,845.5198960372425,0.011719,0.136719,1.015627,1,1,1,1,1,69.699997
2022-04-23 20:25:38.958,-0.1456883526826731,-0.3034100316225531,-0.5507116885515705,-0.3316547694210898,0.2293532572743813,-0.5504027989033893,-0.6065603721972218,-0.03929002529674578,1.057764377114862,-0.3105403013245603,0.009868507044948165,1.060742473341953,-0.1047324326224875,-0.5668317895859519,-0.5512980963345014,0.03076286968122619,-0.394642837427536,-0.948460263875936,-0.7110626011780256,-0.4715201428640152,863.6146798045764,840.5849550097877,814.2652695300292,866.9046404895462,0.011719,0.132813,1.019533,1,1,1,1,1,69.599998
2022-04-23 20:25:39.958,0.1369262850515175,-0.1400338883678814,-0.4688013077555145,0.1393727091338747,0.08769968966382691,-0.3677816033673836,-0.6915249728420861,-0.1240043146826109,1.125596612551611,-0.2444955793158957,-0.01732416930157622,1.114116437634399,0.002209137613633068,-0.5297503849615771,-0.5116866329965751,-0.0005482271109658191,-0.3463732331389814,-0.9188999940241335,-0.8742745089359297,-0.216958042810071,840.5849550097877,840.5849550097877,814.2652695300292,855.3897780921519,0.011719,0.136719,1.019533,1,1,1,1,1,69.599998
2022-04-23 20:25:40.959,-0.2635778952413518,-0.03653186605213393,-0.5252857114162537,0.227978936948283,0.3223579438376876,-0.3485132277758624,-0.6236461359689703,0.4657716797522891,1.377515655595771,0.07603570738970604,0.3219436282814566,1.391922545801092,0.1309239583564394,-0.4800193505372951,-0.5328942938578812,0.08560519184877981,-0.2878061093478004,-0.8736124644988084,-0.7690953027436488,-0.08202566344777994,848.8098567222122,843.8749156947575,810.9753088450593,850.4548370646971,0.011719,0.136719,1.015627,1,1,1,1,1,69.599998
2022-04-23 20:25:41.959,-0.3151025100349669,-0.2300026194338108,-0.3926086861257586,-0.02989476255302611,-0.0208367522390986,-0.6363062715688844,-0.5760003588184124,0.3162201314976058,1.198173544770278,-0.04749915004649816,0.3192151813263182,1.263817894906107,0.1547400124279211,-0.4964671068307479,-0.3514712146200409,0.1699461217959832,-0.3905235807742107,-0.9914207657452572,-0.6169450694821329,-0.310827652665176,852.0998174071821,840.5849550097877,817.555230214999,853.744797749667,0.007813,0.136719,1.023439,1,1,1,1,1,69.599998
2022-04-23 20:25:42.958,-0.3854050728354838,-0.4495645900229429,-0.7700104476190549,-0.2891952415626066,-0.1583723458345909,-0.6776722901173119,-0.6581217737220838,-0.1085309727530528,0.9463951545546762,-0.1593812887757485,0.05778148124657663,0.8090460329240536,0.1501147544709514,-0.6047135463526995,-0.3157603333179618,0.1979488789258222,-0.5762412820553394,-1.048649841612886,-0.8323303235520382,-0.4177824941595678,842.2299353522726,842.2299353522726,807.6853481600896,843.8749156947575,0.011719,0.136719,1.015627,1,1,1,1,1,69.599998
2022-04-23 20:25:43.959,-0.09960248576225864,-1.120615579876343,-0.6344939792880999,0.3219865251673033,-0.3522264573444626,-0.8150466135827577,-0.4293096138841854,-0.193536094070225,0.6358737650426071,-0.03522860284779532,0.09935892871578138,0.6278407831858581,0.04743243136025714,-0.7135492465827729,-0.5641920057109427,0.03869841910892774,-0.6983863650646638,-1.200715990447046,-0.9842294823551763,-0.5745940781535882,834.0050336398481,837.2949943248179,807.6853481600896,837.2949943248179,0.011719,0.132813,1.019533,1,1,1,1,1,69.599998
2022-04-23 20:25:44.964,-0.2571514381425544,-0.8908631081566911,-0.7415405257303563,-0.0741061538276488,-0.2091159488707017,-0.7617587495080492,-0.5670605910942915,0.1439936330384581,0.826526041413894,-0.02967338051940756,-0.1497720935449715,0.6590705433063542,0.09981705864540051,-0.672419913492468,-0.544951935737778,0.02347253204525657,-0.4307401251768536,-1.239649502498385,-0.8454540117553606,-0.4605455616793139,845.5198960372425,840.5849550097877,814.2652695300292,848.8098567222122,0.011719,0.136719,1.019533,1,1,1,1,1,69.599998
2022-04-23 20:25:45.964,-0.01756662246680479,-0.3589969956919684,-0.636739557142937,0.008871887679038836,-0.2104759841472388,-0.7631364059655813,-0.6688323527036065,0.03878867838633367,0.7909717763072269,-0.03311292806706469,-0.2337319585427005,0.5769383638199611,0.2018845081560711,-0.4843486027632089,-0.4666616397862167,0.09536967573134633,-0.2545438865764976,-1.228865138823239,-0.8058287046120167,-0.413682231810272,838.9399746673027,837.2949943248179,810.9753088450593,840.5849550097877,0.011719,0.132813,1.015627,1,1,1,1,1,69.599998
2022-04-23 20:25:46.959,0.2367575069787074,-0.4258358100391494,-0.6074408245837488,0.147091114653375,-0.09255534810737955,-0.646119472311798,-0.7666372969418924,-0.05115238014765057,0.5086162106111785,-0.2208629734017342,-0.5306923463512893,0.6838361908468756,0.1420337297871458,-0.82825828804832,-0.5639260971324396,0.0836951023957723,-0.5292907713244157,-1.180008027121698,-0.8767049683725505,-0.4333412184159562,842.2299353522726,832.3600532973632,810.9753088450593,847.1648763797273,0.011719,0.132813,1.019533,1,1,1,1,1,69.599998
2022-04-23 20:25:47.958,0.1755084252920671,-0.4978109217802538,-0.6748367296029102,0.1843932383769998,-0.0521008509437916,-0.6832546723153761,-0.650834441949582,0.09404410524054033,0.5419793269735156,0.009063245712191333,-0.4149369668156883,0.8005010069879029,-0.03130704716154243,-0.7474400263858277,-0.647420928638035,-0.02701999064527322,-0.5567525776238296,-1.213673875737787,-0.8459780269072459,-0.4920231380326469,834.0050336398481,842.2299353522726,810.9753088450593,840.5849550097877,0.011719,0.132813,1.019533,1,1,1,1,1,69.599998
2022-04-23 20:25:48.959,0.1630314280937429,-0.7655754231031821,-0.6220987787305684,0.09584654099381931,-0.4160237078452045,-0.8682086390103652,-0.7280529841362353,-0.008942422599693849,0.5421318001836465,-0.07283355052970623,-0.3611296117029991,0.7881923377906264,0.0339753018702382,-0.5707636381730968,-0.6380877116724187,-0.05486081340786421,-0.380187078412821,-1.078418602368896,-0.7655881431428879,-0.3983081951161978,842.2299353522726,838.9399746673027,815.9102498725141,843.8749156947575,0.011719,0.136719,1.019533,1,1,1,1,1,69.449997
2022-04-23 20:25:49.978,0.04653222410486804,-0.5109287731623193,-0.8565748806327507,0.01931289508766113,0.1425953491239997,-0.5552018934104305,-0.9017263698276211,0.1881342900743883,0.7270919603998357,-0.08373659129995281,-0.2073670519194653,0.9218868463775798,-0.01288018315602999,-0.521604548053449,-0.5396523229261687,0.1846634524938827,-0.2901322244704619,-0.9794362116933936,-0.8777799930766429,-0.4226006132910068,843.8749156947575,847.1648763797273,815.9102498725141,850.4548370646971,0.015625,0.136719,1.019533,1,1,1,1,1,69.449997
2022-04-23 20:25:50.958,0.06899200042276719,-0.1765068155707027,-0.3412787114984924,0.08552530378076352,0.3482579924938876,-0.4394826587332873,-0.6625674013487498,0.3385578939899617,0.8557849350550274,-0.08373659129995281,-0.175519487158035,0.9741550469536043,0.08115601501780312,-0.5884155532805989,-0.5683509295319082,0.300422663941141,-0.4148761100920224,-1.138155144636249,-0.8981630186048556,-0.4832282085925835,852.0998174071821,840.5849550097877,814.2652695300292,857.0347584346367,0.015625,0.132813,1.019533,1,1,1,1,1,69.449997
2022-04-23 20:25:51.958,0.2939886973365578,-0.6667931560466708,-0.7125916344015726,0.1992561037512608,-0.1942920092925846,-0.7044056133101844,-0.6403793613258147,-0.4401241794355431,0.7287706200223599,-0.1432564132416465,0.02777295124639869,0.8146234585480484,-0.08702458687353092,-0.7175514247565745,-0.5948819302733627,0.03730044865016573,-0.5023682322321367,-1.159394902567415,-1.046858700942851,-0.6191682489181038,848.8098567222122,837.2949943248179,812.6202891875442,853.744797749667,0.019531,0.132813,1.019533,1,1,1,1,1,69.449997
2022-04-23 20:25:52.962,0.1580443291574273,-0.7259199754979632,-0.697135820933499,-0.07222390350579332,0.313577308145972,-0.6467823994981063,-0.6445933690229844,0.09040132342703593,0.719894817785054,-0.06376125399472425,0.05745923940056957,0.7591996312791998,0.07345041139995587,-0.6389216004894241,-0.4939694833171587,0.1250269700727047,-0.4369263852994238,-1.073017089416878,-1.071524812714649,-0.4884354520306602,850.4548370646971,840.5849550097877,812.6202891875442,858.6797387771217,0.011719,0.136719,1.019533,1,1,1,1,1,69.449997
2022-04-23 20:25:53.959,0.06706627381805615,-0.4699327195649907,-0.6529222596910748,-0.1150240657187353,0.2390318685256966,-0.6988545940418547,-0.5445987622008939,-0.02842465963564533,0.6897959663435348,-0.3190357875542989,-0.1263844395100417,0.7765369410931249,0.2766259655486601,-0.5709491106700915,-0.4209129300377895,0.1294011443971458,-0.4078048818984515,-0.9564668420343316,-0.9067964830946436,-0.4620474895669673,837.2949943248179,838.9399746673027,810.9753088450593,840.5849550097877,0.015625,0.132813,1.019533,1,1,1,1,1,69.449997
2022-04-23 20:25:54.963,0.3451279226578754,-0.2826038565835362,-0.8675033294977301,-0.03600166416075872,0.1980751732383827,-0.7422534221260203,-0.4036511893720653,0.06217451705149613,1.085425192256289,-0.04200872603129053,0.1844547815303962,1.10787459725631,0.2175907160392794,-0.555964743742883,-0.5006947457892559,0.2209827556148579,-0.3187141846613088,-0.9525816877901067,-0.9780198204488673,-0.5608246440101808,848.8098567222122,843.8749156947575,812.6202891875442,853.744797749667,0.011719,0.136719,1.019533,1,1,1,1,1,69.449997
2022-04-23 20:25:55.959,0.1951194393076477,-0.2457515159061352,-0.373117396534819,0.3420548560501819,0.09876117982671642,-0.6841644902050688,-0.6141374338041573,0.2572115541834792,1.027131798772102,-0.03925295982397604,0.2159205107843579,1.097532545484007,-0.1232146875564795,-0.7047334332758912,-0.3956199222629311,0.1389103193873785,-0.2371181705860633,-0.894588578711529,-0.7163821464347234,-0.5793992231747043,855.3897780921519,840.5849550097877,809.3303285025745,853.744797749667,0.015625,0.132813,1.019533,1,1,1,1,1,69.449997
2022-04-23 20:25:56.959,0.3602457742376554,-0.2010430835240995,-0.3276167988974927,0.4230524335888343,0.02693189070748834,-0.514121989750813,-0.485836085970256,0.1173517293050834,0.4536290693535063,-0.3929536859429043,-0.09511193883305527,0.602299716830062,0.1254339910397538,-0.512119629187106,-0.5923976793302846,-0.09316934007544712,-0.2029670766267866,-1.051462214117369,-0.6166421315312501,-0.4578777494038457,852.0998174071821,843.8749156947575,815.9102498725141,855.3897780921519,0.015625,0.136719,1.015627,1,1,1,1,1,69.449997
2022-04-23 20:25:57.959,0.1578529522674159,-0.4076512445874186,-0.7235297310672144,0.0313099324325938,0.09292260283237047,-0.55666861652411,-0.7048945048725923,-0.04143086650937104,0.5276571429593963,-0.3611036235732554,-0.2730336284941424,0.718477217870729,0.2945170186248012,-0.4556024551359063,-0.5876272439230884,0.008767306249523672,-0.4468929464055607,-1.179515193731571,-0.7990303813978881,-0.4419884988984231,832.3600532973632,838.9399746673027,814.2652695300292,843.8749156947575,0.019531,0.136719,1.019533,1,1,1,1,1,69.449997
2022-04-23 20:25:58.959,0.2722132304324442,-0.8077060240709307,-0.7322069393128249,0.07828862905311507,0.1774323139572372,-0.8530992329361741,-0.6448353314693344,0.07751154001091791,0.4415949263258709,-0.50242296435705,-0.2902640100635419,0.5504167075024576,0.1020702753428055,-0.7848824837602789,-0.743289818561376,0.009448848503820271,-0.4259428168584984,-1.063324742423945,-0.9072218904837434,-0.3742773154549259,853.744797749667,842.2299353522726,817.555230214999,858.6797387771217,0.015625,0.132813,1.023439,1,1,1,1,1,69.349998
2022-04-23 20:25:59.976,0.4032724463214108,-0.741186135244394,-0.464191844143796,0.3571100066309565,0.04846860689101556,-0.8483028574893196,-0.6242093016369049,-0.1883273381588317,0.8000270146102303,-0.4589200181209492,-0.4710320522002563,0.8147421524298234,0.003165262750873391,-0.8166437856247067,-0.6951070816451791,-0.03905961492787213,-0.3064111821707289,-1.024438126175414,-1.05484168842556,-0.6209946117027162,852.0998174071821,837.2949943248179,817.555230214999,861.9696994620915,0.011719,0.136719,1.019533,1,1,1,1,1,69.349998
2022-04-23 20:26:00.959,0.3783589219967458,-0.8950440191554498,-0.9529843143807536,0.3212148600874781,-0.01020492901070628,-0.8643683614028266,-0.8430886546193872,-0.140996070675952,0.8999769107992958,0.07384745660507143,-0.2960887631585257,0.9557288220551966,0.0751656734915275,-0.7580215112902779,-0.6157438198641646,-0.02416421045156746,-0.4922780210992651,-1.053286006897926,-0.8062934569888656,-0.4859229074633646,845.5198960372425,838.9399746673027,807.6853481600896,847.1648763797273,0.015625,0.136719,1.019533,1,1,1,1,1,69.349998
2022-04-23 20:26:01.965,0.06324872211217915,-1.234140070594438,-1.05236227845681,-0.4308648956860564,0.2498932355032369,-0.7661693764949039,-0.7526461241163533,0.08157331421461261,0.8122527086003571,0.1422458940243641,-0.001899837450358105,0.837161678121084,0.002438029876869653,-0.7578566252844786,-0.5858167487425868,-0.1435882831966375,-0.5926762742957957,-0.881685675315799,-0.6650091853631307,-0.5747211205939728,842.2299353522726,840.5849550097877,814.2652695300292,855.3897780921519,0.015625,0.132813,1.015627,1,1,1,1,1,69.349998
2022-04-23 20:26:02.965,0.1839464300264314,-0.5845670900671482,-0.7856604860358238,0.1130429567800752,0.2172672134822282,-0.4929636723474776,-0.5494521766836661,0.130162298243258,0.8759438269422797,0.211837323715756,0.08981845073145477,0.968325532877984,0.2170086724167497,-0.6587855121177785,-0.5093117721004783,-0.06953482612150326,-0.5359573731587515,-0.9713857393548503,-0.8704340263733625,-0.4686581399465833,848.8098567222122,840.5849550097877,814.2652695300292,848.8098567222122,0.015625,0.136719,1.019533,1,1,1,1,1,69.349998
2022-04-23 20:26:03.974,0.01616824226517106,-0.4154797317278879,-0.3948630679884951,-0.1993623164333752,0.03937084604304866,-0.418516361968402,-0.3831416054421157,0.1741187938491812,1.013947849265319,0.2318038442253982,0.05317300172602591,1.061409008393509,0.2200226036154966,-0.5683306134883354,-0.6024339175749351,-0.004343101026523998,-0.519739625259856,-1.096763710321185,-0.8656345825971695,-0.4441180360982379,842.2299353522726,840.5849550097877,817.555230214999,843.8749156947575,0.019531,0.136719,1.023439,1,1,1,1,1,69.349998
2022-04-23 20:26:04.959,-0.1060150270037395,-0.6298199897105933,-0.6960405119212931,-0.03452094100634384,0.02010808677533512,-0.7107775609551924,-0.5840381523698713,0.2873018613248014,0.9554478593484256,-0.1452296594074029,-0.03408189040386162,0.9868818266435594,0.06071945627635837,-0.7142226089926471,-0.6282039719595348,-0.04445673524132589,-0.4411344030343623,-0.9556785613344114,-0.7684312868938818,-0.5385499545097594,845.5198960372425,840.5849550097877,822.4901712424537,855.3897780921519,0.019531,0.136719,1.019533,1,1,1,1,1,69.349998
2022-04-23 20:26:05.980,-0.1121425968551666,-0.9593819113023263,-0.9243390956530245,0.1008953152882578,0.2715348267415725,-0.5765874067658435,-0.6880662230431043,0.3723505663785838,1.069217393992648,-0.1544261465403451,0.1636728942446859,1.051988194870289,0.1329138338916792,-0.5975577846399822,-0.5346975072706627,0.2214729753467533,-0.4676795317896411,-0.925673443564097,-0.4496152977301637,-0.5037238734598515,843.8749156947575,837.2949943248179,810.9753088450593,848.8098567222122,0.015625,0.136719,1.019533,1,1,1,1,1,69.349998
2022-04-23 20:26:06.959,-0.1718291444090388,-0.6523092428315835,-0.780545806340617,-0.1518277442725081,0.1270887190790686,-0.4407489234133774,-0.367837791423954,0.1386709515783639,1.246960231024689,0.06333603543099349,0.2730219145009078,1.342498109611326,0.258859872130673,-0.568168376094661,-0.5509721848556537,0.3529823671335785,-0.5894801200814149,-1.060696252402667,-0.5500907367211445,-0.4602436121613612,850.4548370646971,837.2949943248179,807.6853481600896,840.5849550097877,0.015625,0.136719,1.019533,1,1,1,1,1,69.349998
2022-04-23 20:26:07.959,-0.1135409824423053,-0.7858731731167841,-0.6072786404583147,0.2587698961601713,0.1038434475067937,-0.4176734205679764,-0.2950671632998321,0.2205450867506223,1.259557981551214,0.337874637660437,0.2758863059601251,1.395909649160257,0.2503789290743835,-0.5411471748765702,-0.573825220814879,0.3838648878212775,-0.5397136306659769,-1.142109793325449,-0.7311378803160206,-0.5058147581306862,853.744797749667,847.1648763797273,809.3303285025745,855.3897780921519,0.019531,0.136719,1.015627,1,1,1,1,1,69.349998
2022-04-23 20:26:08.961,0.3732060601290358,0.3935978371216489,-0.2624375576340369,0.4565925594149384,0.3632784072011553,-0.2792318708722238,-0.5745294233664912,0.4253846131198698,1.006298695690321,0.4479593745156999,0.2232555955579772,0.9625910655542513,0.1848274038691217,-0.3881155258588358,-0.4718729517287319,0.1179024962256654,-0.4084684585844612,-0.8909428270231819,-0.4548541943308037,-0.2358731044502806,837.2949943248179,840.5849550097877,817.555230214999,852.0998174071821,0.019531,0.136719,1.019533,1,1,1,1,1,69.199997
2022-04-23 20:26:09.732,,,,,,,,,,,,,,,,,,,,,,,,,,,,,,,,,,/muse/elements/blink
2022-04-23 20:26:09.959,0.4193863008939432,0.4395223120464676,-0.04316351754051193,0.2820249954774987,0.07243492788750296,-0.670918656933973,-0.6756742433556824,0.2585998512980945,0.8769361244236239,0.1432800532931389,-0.2131021155646339,0.8611670023086934,0.02370107346205602,-0.2936327102388411,-0.2681160010769785,-0.03000427408465993,-0.08505736652186502,-0.4543879451497179,-0.05788598763714217,0.0613843791544909,909.6741293941539,843.8749156947575,815.9102498725141,922.833972134033,-0.035156,0.089844,1.023439,1,1,1,1,1,69.199997
